{
  "YAxisOnlyFlag": true,
  "IntervalDistance": 1.0,
  "IntervalDistanceMin": 0.5,
  "OffsetPosition": {
    "x": 0.5,
    "y": 0.0,
    "z": -0.5
  },
  "PokeState": 0,
  "InterestingPos_0": {
    "x": 2354.864014,
    "y": 44.152,
    "z": -747.612
  },
  "InterestingPos_1": {
    "x": 2305.923096,
    "y": 50.976002,
    "z": -742.239014
  },
  "InterestingPos_2": {
    "x": 2282.059082,
    "y": 51.566002,
    "z": -747.367004
  },
  "LookAtPos_0": {
    "x": 2356.14502,
    "y": 43.972,
    "z": -749.945007
  },
  "LookAtPos_1": {
    "x": 2301.97998,
    "y": 51.286999,
    "z": -739.013
  },
  "LookAtPos_2": {
    "x": 2284.229004,
    "y": 51.737999,
    "z": -745.192017
  },
  "PurposePos_0": {
    "x": 2311.254883,
    "y": 50.5,
    "z": -742.320007
  },
  "PurposePos_1": {
    "x": 2306.560059,
    "y": 50.68,
    "z": -743.719971
  },
  "PurposePos_2": {
    "x": 2305.336914,
    "y": 50.959999,
    "z": -751.090027
  },
  "PurposePos_3": {
    "x": 2301.512939,
    "y": 51.009998,
    "z": -758.559998
  },
  "PurposePos_4": {
    "x": 2292.840088,
    "y": 50.880001,
    "z": -764.981018
  },
  "PurposePos_5": {
    "x": 2285.379883,
    "y": 50.990002,
    "z": -763.559998
  },
  "PurposePos_6": {
    "x": 2279.719971,
    "y": 51.0,
    "z": -755.950012
  },
  "PurposePos_7": {
    "x": 2278.810059,
    "y": 51.029999,
    "z": -747.330017
  },
  "PurposePos_8": {
    "x": 2280.100098,
    "y": 51.18,
    "z": -739.030029
  },
  "PurposePos_9": {
    "x": 2282.199951,
    "y": 51.330002,
    "z": -731.369995
  },
  "PurposePos_10": {
    "x": 2286.600098,
    "y": 51.5,
    "z": -728.070007
  },
  "PurposePos_11": {
    "x": 2296.189941,
    "y": 51.59,
    "z": -726.799988
  },
  "PurposePos_12": {
    "x": 2303.560059,
    "y": 51.57,
    "z": -728.414001
  },
  "PurposePos_13": {
    "x": 2309.419922,
    "y": 51.5,
    "z": -730.309998
  },
  "PurposePos_14": {
    "x": 2311.959961,
    "y": 51.380001,
    "z": -732.830017
  },
  "PurposePos_LeadStart": {
    "x": 2321.422119,
    "y": 49.563999,
    "z": -742.448975
  },
  "PurposePos_LeadGoal": {
    "x": 2429.040039,
    "y": 33.519001,
    "z": -730.013977
  }
}
