{
  "YAxisOnlyFlag": true,
  "IntervalDistance": 3.0,
  "IntervalDistanceMin": 2.5,
  "OffsetPosition": {
    "x": 0.5,
    "y": 0.0,
    "z": 0.5
  },
  "PokeState": 0,
  "InterestingPos_0": {
    "x": 2328.115967,
    "y": 48.973,
    "z": -737.21698
  },
  "InterestingPos_1": {
    "x": 2303.050049,
    "y": 51.564999,
    "z": -728.711975
  },
  "InterestingPos_2": {
    "x": 2285.115967,
    "y": 51.542999,
    "z": -730.544006
  },
  "LookAtPos_0": {
    "x": 2327.689941,
    "y": 49.333,
    "z": -735.432983
  },
  "LookAtPos_1": {
    "x": 2303.39502,
    "y": 51.398998,
    "z": -732.023987
  },
  "LookAtPos_2": {
    "x": 2286.558105,
    "y": 51.547001,
    "z": -731.007996
  },
  "PurposePos_0": {
    "x": 2311.949951,
    "y": 50.5,
    "z": -743.599976
  },
  "PurposePos_1": {
    "x": 2307.330078,
    "y": 50.68,
    "z": -744.880005
  },
  "PurposePos_2": {
    "x": 2306.449951,
    "y": 50.959999,
    "z": -751.47998
  },
  "PurposePos_3": {
    "x": 2302.02002,
    "y": 51.009998,
    "z": -759.940002
  },
  "PurposePos_4": {
    "x": 2292.919922,
    "y": 50.880001,
    "z": -766.469971
  },
  "PurposePos_5": {
    "x": 2284.379883,
    "y": 50.990002,
    "z": -764.5
  },
  "PurposePos_6": {
    "x": 2278.290039,
    "y": 51.0,
    "z": -756.190002
  },
  "PurposePos_7": {
    "x": 2277.780029,
    "y": 51.029999,
    "z": -747.830017
  },
  "PurposePos_8": {
    "x": 2278.899902,
    "y": 51.18,
    "z": -738.5
  },
  "PurposePos_9": {
    "x": 2282.199951,
    "y": 51.330002,
    "z": -730.669983
  },
  "PurposePos_10": {
    "x": 2288.600098,
    "y": 51.5,
    "z": -726.809998
  },
  "PurposePos_11": {
    "x": 2296.780029,
    "y": 51.59,
    "z": -726.080017
  },
  "PurposePos_12": {
    "x": 2304.899902,
    "y": 51.57,
    "z": -727.780029
  },
  "PurposePos_13": {
    "x": 2311.080078,
    "y": 51.5,
    "z": -730.150024
  },
  "PurposePos_14": {
    "x": 2312.649902,
    "y": 51.52,
    "z": -732.559998
  },
  "PurposePos_LeadStart": {
    "x": 2321.422119,
    "y": 49.563999,
    "z": -742.448975
  },
  "PurposePos_LeadGoal": {
    "x": 2429.040039,
    "y": 33.519001,
    "z": -730.013977
  }
}
