{
  "YAxisOnlyFlag": true,
  "IntervalDistance": 2.0,
  "IntervalDistanceMin": 1.5,
  "OffsetPosition": {
    "x": 0.5,
    "y": 0.0,
    "z": 0.0
  },
  "PokeState": 0,
  "InterestingPos_0": {
    "x": 2342.197021,
    "y": 47.188,
    "z": -733.974976
  },
  "InterestingPos_1": {
    "x": 2298.409912,
    "y": 51.366001,
    "z": -729.096008
  },
  "InterestingPos_2": {
    "x": 2280.158936,
    "y": 51.143002,
    "z": -727.989014
  },
  "LookAtPos_0": {
    "x": 2345.184082,
    "y": 46.640999,
    "z": -731.780029
  },
  "LookAtPos_1": {
    "x": 2297.957031,
    "y": 51.327,
    "z": -730.210022
  },
  "LookAtPos_2": {
    "x": 2279.26709,
    "y": 51.094002,
    "z": -727.366028
  },
  "PurposePos_0": {
    "x": 2312.708984,
    "y": 50.5,
    "z": -744.409973
  },
  "PurposePos_1": {
    "x": 2308.312988,
    "y": 50.68,
    "z": -745.880005
  },
  "PurposePos_2": {
    "x": 2306.469971,
    "y": 50.959999,
    "z": -753.059998
  },
  "PurposePos_3": {
    "x": 2302.125,
    "y": 51.009998,
    "z": -761.150024
  },
  "PurposePos_4": {
    "x": 2292.919922,
    "y": 50.880001,
    "z": -767.5
  },
  "PurposePos_5": {
    "x": 2282.968018,
    "y": 50.990002,
    "z": -764.72998
  },
  "PurposePos_6": {
    "x": 2277.080078,
    "y": 51.0,
    "z": -756.112976
  },
  "PurposePos_7": {
    "x": 2276.699951,
    "y": 51.029999,
    "z": -747.620972
  },
  "PurposePos_8": {
    "x": 2278.022949,
    "y": 51.18,
    "z": -737.900024
  },
  "PurposePos_9": {
    "x": 2281.969971,
    "y": 51.279999,
    "z": -729.460022
  },
  "PurposePos_10": {
    "x": 2288.699951,
    "y": 51.5,
    "z": -725.599976
  },
  "PurposePos_11": {
    "x": 2297.360107,
    "y": 51.59,
    "z": -725.109985
  },
  "PurposePos_12": {
    "x": 2305.780029,
    "y": 51.57,
    "z": -726.929993
  },
  "PurposePos_13": {
    "x": 2312.330078,
    "y": 51.5,
    "z": -730.159973
  },
  "PurposePos_14": {
    "x": 2313.683105,
    "y": 51.380001,
    "z": -732.27301
  },
  "PurposePos_LeadStart": {
    "x": 2321.422119,
    "y": 49.563999,
    "z": -742.448975
  },
  "PurposePos_LeadGoal": {
    "x": 2429.040039,
    "y": 33.519001,
    "z": -730.013977
  }
}
